{
    "tesla.pdf": {
        "0.13472817094905343": 40, 
        "0.12363290537327627": 1, 
        "0.11465102924486596": 1, 
        "0.14740846409890632": 1, 
        "0.13948328269417945": 1, 
        "0.047022773717280746": 1, 
        "0.10778253530809781": 1, 
        "0.2964019847947872": 20, 
        "0.2583610908337791": 1, 
        "0.0016103060349174168": 1, 
        "0.045966082621459674": 1, 
        "0.1685423005267772": 1, 
        "0.06974164134708973": 1, 
        "0.1331431288635283": 1, 
        "0.18544935805991442": 1, 
        "0.22930205848973192": 1, 
        "0.28636339943124406": 1, 
        "0.05653299720753276": 1, 
        "0.24462408844879338": 1, 
        "0.2916468730496612": 1, 
        "0.028985507246376812": 1, 
        "0.27632484309059974": 1, 
        "0.06551487696380542": 59, 
        "0.09140381788107763": 1, 
        "0.2504358949176028": 1, 
        "0.09932900654152921": 1, 
        "0.2108099588710696": 1
    }
}