{
    "tesla.pdf": {
        "0.41553773845728503": 1, 
        "0.2759192701133536": 1, 
        "0.350566768039812": 1, 
        "0.1537185512855958": 1, 
        "0.8352225601327067": 5, 
        "0.29776057506220627": 1, 
        "0.4130494885264031": 1, 
        "0.1622891899364114": 1, 
        "0.2419131877246337": 1, 
        "0.8349460879181643": 1, 
        "0.11501244124965442": 1, 
        "0.07381808128283107": 1, 
        "0.10754769145700857": 2, 
        "0.0033176665745092617": 1, 
        "0.19850705004147084": 1, 
        "0.014929499585291679": 1, 
        "0.07934752557367984": 1, 
        "0.1766657450926182": 1, 
        "0.2081835775504562": 193, 
        "0.2969311584185789": 1, 
        "0.2435720210118883": 1, 
        "0.02902958252695604": 1, 
        "0.05446502626486038": 1, 
        "0": 352, 
        "0.5109206524744263": 1, 
        "0.13574785734033729": 1, 
        "0.010782416367155101": 1, 
        "0.035941387890517006": 1, 
        "0.2565662150953829": 1, 
        "0.2538014929499585": 1, 
        "0.07824163671551009": 1, 
        "0.20790710533591375": 1, 
        "0.24827204865910976": 1, 
        "0.4409731821951894": 1, 
        "0.20376002211777716": 1, 
        "0.06386508155930329": 1, 
        "0.8100635886093448": 1, 
        "0.04948852640309649": 1, 
        "0.7923693668786287": 1, 
        "0.07796516450096765": 3, 
        "0.0019353055017970694": 1, 
        "0.7683162842134366": 1, 
        "0.5615150677356926": 1, 
        "0.14846557920928946": 1, 
        "0.2076306331213713": 1, 
        "0.18993641139065523": 1, 
        "0.14763616256566214": 1, 
        "0.6239977882222837": 1, 
        "0.008294166436273155": 1, 
        "0.1990599944705557": 1, 
        "0.09538291401714127": 1, 
        "0.03372961017417749": 1, 
        "0.35747857340337297": 1, 
        "0.20348354990323472": 1, 
        "0.25767210395355267": 1, 
        "0.6873099253525021": 1, 
        "0.20652474426320155": 1, 
        "0.19021288360519767": 1, 
        "0.3292784075200442": 5, 
        "0.4376555156206801": 1, 
        "0.2391484655792093": 1, 
        "0.0030411943599668234": 1, 
        "0.4412496544097318": 1, 
        "0.6306331213713022": 1, 
        "0.48824993088194635": 1, 
        "0.5786563450373238": 1, 
        "0.5264030964888029": 1, 
        "0.4592203483549903": 1
    }
}