{
    "tesla.pdf": {
        "0.3030927835051546": 1,
        "0.0011102299762093576": 1,
        "0.43980967486122124": 2,
        "0.7901665344964314": 1,
        "0.7333862014274385": 6,
        "0.01506740681998414": 1,
        "0.32862807295796986": 1,
        "0.6453608247422681": 1,
        "0.1547977795400476": 1,
        "0.01316415543219667": 5,
        "0.645836637589215": 28,
        "0.9015067406819984": 1,
        "0.3643140364789849": 1,
        "0.2493259318001586": 1,
        "0.7874702616970658": 1,
        "0.09881046788263283": 1,
        "0.6009516256938937": 1,
        "0.026011102299762095": 1,
        "0.5354480570975416": 1,
        "0.7295796986518636": 2,
        "0.7135606661379857": 1,
        "0.003965107057890563": 1,
        "0.44662965900079304": 2,
        "0.7547977795400476": 1,
        "0.03013481363996828": 1,
        "0.3260904044409199": 1,
        "0.7357652656621729": 1,
        "0.33417922283901663": 157,
        "0.00808881839809675": 1,
        "0.6983346550356859": 1,
        "0.10103092783505155": 1,
        "0.5419508326724821": 1,
        "0.516415543219667": 1,
        "0.25107057890563045": 1,
        "0.7459159397303727": 2,
        "0.7024583663758921": 1,
        "0.8612212529738303": 1,
        "0.0640761300555115": 1,
        "0.003986605007175889": 1,
        "0.8374306106264869": 1,
        "0.2900872323552736": 1,
        "0.11118160190325138": 1,
        "0.7383029341792229": 1,
        "0.2831086439333862": 1,
        "0.8515463917525773": 4,
        "0.18969072164948453": 1,
        "0.7359238699444886": 1,
        "0.8843774781919111": 1,
        "0.28707375099127674": 1,
        "0.30103092783505153": 1,
        "0.6023790642347343": 1,
        "0.5022997620935765": 1,
        "0.223949246629659": 1,
        "0.5808088818398097": 1,
        "0.3766851704996035": 1,
        "0.0006344171292624901": 1,
        "0.7214908802537668": 1,
        "0.84203013481364": 5,
        "0.0009516256938937351": 7,
        "0.5958762886597938": 1,
        "0.31514670896114194": 1,
        "0.11229183187946075": 1,
        "0.015226011102299762": 7,
        "0.8507533703409992": 1,
        "0.8609040444091991": 3,
        "0.6875495638382236": 1,
        "0.6701030927835051": 1,
        "0.6475812846946868": 1,
        "0.774781919111816": 1,
        "0.3887390959555908": 1,
        "0.1387787470261697": 1,
        "0.025376685170499604": 1,
        "0.3671689135606661": 1,
        "0.1360824742268041": 1,
        "0.8141157811260904": 13,
        "0.003013481363996828": 1,
        "0.632355273592387": 1,
        "0.6521808088818398": 1,
        "0.7303727200634417": 9,
        "0.3465503568596352": 1,
        "0.463441712926249": 1,
        "0.2153846153846154": 18,
        "0.9105471847739889": 1,
        "0.2161776367961935": 1,
        "0.5005551149881047": 1,
        "0.7419508326724822": 1,
        "0.07200634417129262": 1,
        "0.20333068992862807": 1,
        "0.6501189532117367": 1,
        "0.7376685170499604": 1,
        "0.02585249801744647": 1,
        "0.5952418715305313": 1,
        "0.5765265662172878": 1,
        "0.5936558287073751": 1,
        "0.5360824742268041": 1,
        "0.6675654242664552": 1,
        "0.8667724028548771": 1,
        "0.6935765265662173": 1,
        "0.3827121332275971": 1,
        "0.326883425852498": 1,
        "0.576050753370341": 1,
        "0.8624900872323553": 1,
        "0.20666137985725613": 1,
        "0.7297383029341792": 2,
        "0.694528152260111": 1,
        "0.7790642347343378": 1,
        "0.8063441712926249": 5,
        "0.59746233148295": 1,
        "0.6401268834258524": 16,
        "0.004758128469468675": 1,
        "0.6415543219666932": 1,
        "0.7111816019032514": 2,
        "0.8036478984932593": 1,
        "0.16431403647898493": 1,
        "0.23267248215701825": 1,
        "0.7524187153053132": 1,
        "0.4057097541633624": 1,
        "0.8060269627279937": 1,
        "0.8309278350515464": 1,
        "0.5484536082474227": 1,
        "0.15876288659793814": 1,
        "0.6793021411578113": 2,
        "0.36082474226804123": 1,
        "0.9094369547977795": 1,
        "0.5898493259318002": 1,
        "0.5040444091990484": 1,
        "0.3674861221252974": 1,
        "0.013481363996827915": 1,
        "0.8605868358445679": 1,
        "0.7506740681998414": 1,
        "0.04536082474226804": 1,
        "0.3022997620935765": 1,
        "0.20856463124504362": 1,
        "0.7917525773195876": 1,
        "0.02950039651070579": 4,
        "0.6566217287866772": 1,
        "0.23552735923869944": 1,
        "0.6471054718477399": 1,
        "0.8781919111816019": 1,
        "0.6028548770816812": 4,
        "0.870578905630452": 1,
        "0.4624900872323553": 8,
        "0.7337034099920697": 1,
        "0.6136399682791436": 4,
        "0.6877081681205393": 1,
        "0.6236320380650278": 1,
        "0.7368754956383823": 1,
        "0.3578112609040444": 1,
        "0.5673275178429817": 5,
        "0.26867565424266454": 1,
        "0.03774781919111816": 1,
        "0.02632831086439334": 11,
        "0.6456780333068993": 1,
        "0.4683584456780333": 1,
        "0.20031720856463126": 1,
        "0.1414750198255353": 3,
        "0.7841395717684377": 1,
        "0.7939730372720063": 1,
        "0.7308485329103885": 1,
        "0.7692307692307693": 1,
        "0.8900872323552735": 1,
        "0.14655035685963522": 1,
        "0.5703409992069786": 1,
        "0.7189532117367169": 1,
        "0.9114988104678826": 1,
        "0.7825535289452815": 2,
        "0.42727993655828705": 1,
        "0.1275178429817605": 1,
        "0.21475019825535288": 3,
        "0.7156225218080888": 1,
        "0.2590007930214116": 1,
        "0.0014274385408406026": 1,
        "0.7873116574147502": 1,
        "0.7373513084853291": 3,
        "0.2818398096748612": 1,
        "0.7325931800158604": 1,
        "0.4174464710547185": 1,
        "0.022204599524187154": 1,
        "0.29833465503568596": 6,
        "0.8745440126883426": 1,
        "0.36304520222045994": 1,
        "0.014591593973037272": 1,
        "0.5024583663758921": 1,
        "0.46280729579698654": 1,
        "0.6269627279936558": 1,
        "0.19540047581284695": 1,
        "0.4126883425852498": 1,
        "0.35241871530531327": 1,
        "0.8139571768437748": 1,
        "0.02505947660586836": 1,
        "0.7416336241078509": 1,
        "0.4667724028548771": 1,
        "0.7988897700237907": 1,
        "0.6158604282315623": 2,
        "0.01443298969072165": 1,
        "0.5938144329896907": 1,
        "0.5668517049960349": 2,
        "0.020459952418715305": 1,
        "0.5868358445678034": 1,
        "0.33560666137985723": 1,
        "0.623949246629659": 4,
        "0.30578905630452025": 1,
        "0.3056304520222046": 1,
        "0.14623314829500397": 3,
        "0.22521808088818399": 1,
        "0.35654242664551944": 1,
        "0.3620935765265662": 1,
        "0.06153846153846154": 1,
        "0.7329103885804916": 24,
        "0.7213322759714512": 2,
        "0.44885011895321175": 1,
        "0.1973037272006344": 1,
        "0.02696272799365583": 1,
        "0.8007930214115782": 1,
        "0.8490087232355273": 2,
        "0.7560666137985725": 2,
        "0.3370340999206979": 1,
        "0.3703409992069786": 5,
        "0.15892149088025376": 2,
        "0.3324345757335448": 1,
        "0.00430553340774996": 1,
        "0.7300555114988104": 4,
        "0.9200634417129262": 2,
        "0.36780333068992865": 1,
        "0.37002379064234736": 1,
        "0.7535289452815226": 3,
        "0.9205392545598731": 10,
        "0.8842188739095955": 1,
        "0.07010309278350516": 1,
        "0.36986518636003174": 11,
        "0.033782712133227595": 1,
        "0.785725614591594": 1,
        "0.6515463917525773": 1,
        "0.8739095955590801": 1,
        "0.5647898493259318": 1,
        "0.3141950832672482": 2,
        "0.7720856463124505": 1,
        "0.1936558287073751": 1,
        "0.7389373513084854": 1,